==7950== NVPROF is profiling process 7950, command: ./detectnet --network=ssd-inception-v2 images/humans_*.jpg images/test/humans_output_inception_%i.jpg
==7950== Profiling application: ./detectnet --network=ssd-inception-v2 images/humans_*.jpg images/test/humans_output_inception_%i.jpg
==7950== Profiling result:
==7950== Metric result:
"Device","Kernel","Invocations","Metric Name","Metric Description","Min","Max","Avg"
"NVIDIA Tegra X1 (0)","void allClassNMS_kernel<__half, __half, int=1>(int, int, int, int, float, bool, bool, __half*, __half*, int*, __half*, int*, bool, float)",10,"sm_efficiency","Multiprocessor Activity",99.958384%,99.966099%,99.962555%
"NVIDIA Tegra X1 (0)","void nvinfer1::rt::cuda::poolCHW_PQT<int=3, int=3, int=1, int=1, int=14, int=14, int=256, int=6, int=2, bool=1, nvinfer1::rt::cuda::ITiledPooling::PoolingMode, bool=0>(nvinfer1::rt::cuda::TiledPoolingParams, int)",10,"sm_efficiency","Multiprocessor Activity",98.094409%,98.110479%,98.102199%
"NVIDIA Tegra X1 (0)","void genericReformat::copyPackedKernel<__half, __half, bool=0, bool=1, genericReformat::IdentityCoordMapper<int=4>, int=4>(unsigned int, unsigned int, void const *, genericReformat::ArrayN<genericReformat::IdentityCoordMapper<int=4>>, genericReformat::ArrayNWithReducedDivisors<genericReformat::IdentityCoordMapper<int=4>>, genericReformat::ArrayN, int, int, int, float const *, void*, genericReformat::ArrayN, genericReformat::ArrayNWithReducedDivisors, genericReformat::ArrayNWithReducedDivisors, genericReformat::ArrayN, int, int, int, float const , int=4)",10,"sm_efficiency","Multiprocessor Activity",63.888258%,65.549828%,64.732613%
"NVIDIA Tegra X1 (0)","void fused::fusedConvolutionReluKernel<fused::SrcChwcPtr_FltTex_Reader<__half, int=2, int=2, int=1, int=2>, fused::KpqkPtrWriter<__half, int=2, int=2, int=1>, __half2, __half, int=5, int=5, int=1, int=3, int=3, int=1, int=1>(fused::ConvolutionParams<__halfSrcType, int=1, int=2Type>)",50,"sm_efficiency","Multiprocessor Activity",99.336007%,99.501255%,99.445922%
"NVIDIA Tegra X1 (0)","void fused::fusedConvolutionReluKernel<fused::SrcChwcPtr_FltTex_Reader<__half, int=2, int=2, int=1, int=2>, fused::KpqkPtrWriter<__half, int=2, int=2, int=1>, __half2, __half, int=7, int=3, int=1, int=3, int=3, int=1, int=1>(fused::ConvolutionParams<__halfSrcType, int=1, int=2Type>)",10,"sm_efficiency","Multiprocessor Activity",98.534863%,98.632153%,98.578361%
"NVIDIA Tegra X1 (0)","void cuInt8::nchwToNchhw2<float>(float const *, __half*, int, int, int, int, int, int, cuInt8::ReducedDivisorParameters)",10,"sm_efficiency","Multiprocessor Activity",99.406398%,99.413382%,99.411651%
"NVIDIA Tegra X1 (0)","void decodeBBoxes_kernel<__half, unsigned int=512>(int, nvinfer1::plugin::CodeTypeSSD, bool, int, bool, int, int, bool, __half const *, __half const *, __half*, bool)",10,"sm_efficiency","Multiprocessor Activity",93.606720%,93.753285%,93.699465%
"NVIDIA Tegra X1 (0)","void fused::fusedConvolutionReluKernel<fused::SrcChwcPtr_FltTex_Reader<__half, int=2, int=2, int=1, int=2>, fused::KpqkPtrWriter<__half, int=2, int=2, int=1>, __half2, __half, int=4, int=7, int=4, int=3, int=3, int=1, int=1>(fused::ConvolutionParams<__halfSrcType, int=1, int=2Type>)",20,"sm_efficiency","Multiprocessor Activity",99.219813%,99.267389%,99.249038%
"NVIDIA Tegra X1 (0)","void nvinfer1::rt::cuda::poolCHW_PQT<int=3, int=3, int=2, int=2, int=4, int=28, int=513, int=6, int=2, bool=1, nvinfer1::rt::cuda::ITiledPooling::PoolingMode, bool=0>(nvinfer1::rt::cuda::TiledPoolingParams, int)",10,"sm_efficiency","Multiprocessor Activity",98.802104%,98.814153%,98.808259%
"NVIDIA Tegra X1 (0)","void fused::fusedConvolutionReluKernel<fused::SrcChwcPtr_FltTex_Reader<__half, int=2, int=2, int=1, int=2>, fused::KpqkPtrWriter<__half, int=2, int=2, int=1>, __half2, __half, int=5, int=7, int=4, int=3, int=3, int=1, int=1>(fused::ConvolutionParams<__halfSrcType, int=1, int=2Type>)",10,"sm_efficiency","Multiprocessor Activity",99.668594%,99.683024%,99.675165%
"NVIDIA Tegra X1 (0)","void fused::fusedConvolutionReluKernel<fused::SrcChwcPtr_FltTex_Reader<__half, int=2, int=2, int=1, int=1>, fused::KpqkPtrWriter<__half, int=2, int=1, int=1>, __half2, __half, int=7, int=4, int=1, int=3, int=3, int=2, int=2>(fused::ConvolutionParams<__halfSrcType, int=1, int=2Type>)",30,"sm_efficiency","Multiprocessor Activity",97.849657%,98.945991%,98.587785%
"NVIDIA Tegra X1 (0)","void nvinfer1::rt::cuda::poolCHW_PQT<int=3, int=3, int=2, int=2, int=7, int=8, int=255, int=5, int=2, bool=1, nvinfer1::rt::cuda::ITiledPooling::PoolingMode, bool=0>(nvinfer1::rt::cuda::TiledPoolingParams, int)",10,"sm_efficiency","Multiprocessor Activity",99.358948%,99.365853%,99.361910%
"NVIDIA Tegra X1 (0)","trt_maxwell_fp16x2_hcudnn_fp16x2_128x32_relu_interior_nn_v1",10,"sm_efficiency","Multiprocessor Activity",97.697888%,97.922120%,97.808528%
"NVIDIA Tegra X1 (0)","void CUTENSOR_NAMESPACE::permutationKernelPLC3<CUTENSOR_NAMESPACE::VectorWrite2DTensorView<unsigned char=0, unsigned char=1, bool=1, unsigned int=4, float, __half, CUTENSOR_NAMESPACE::GeneralUnarySmall<float>>, CUTENSOR_NAMESPACE::VectorRead2DTensorView<unsigned char=0, unsigned char=1, bool=1, unsigned int=4, float, float, CUTENSOR_NAMESPACE::GeneralUnarySmall<float>>, CUTENSOR_NAMESPACE::ThreadLevelElementwise<CUTENSOR_NAMESPACE::ElementwiseConfig1DCommonCase<CUTENSOR_NAMESPACE::GeneralUnarySmall<float>, CUTENSOR_NAMESPACE::GeneralBinary<float>, int=1, int=512, int=1, int=128, char=4, bool=1, bool=0, bool=1, bool=0, bool=0>, float>, CUTENSOR_NAMESPACE::ElementwiseRuntimePLC3<float, float, __half, float>::Params>(unsigned int=4)",10,"sm_efficiency","Multiprocessor Activity",88.712687%,89.022944%,88.852159%
"NVIDIA Tegra X1 (0)","void setUniformOffsets_kernel<unsigned int=32>(int, int, int*)",10,"sm_efficiency","Multiprocessor Activity",27.625056%,33.581472%,31.557427%
"NVIDIA Tegra X1 (0)","trt_maxwell_scudnn_128x64_relu_interior_nn_v1",10,"sm_efficiency","Multiprocessor Activity",69.179474%,99.788679%,96.725303%
"NVIDIA Tegra X1 (0)","void gpuTensorNorm<uchar3, bool=1>(float2, uchar3*, int, float*, int, int, float, float)",10,"sm_efficiency","Multiprocessor Activity",99.220091%,99.534764%,99.424505%
"NVIDIA Tegra X1 (0)","void nvinfer1::rt::cuda::poolCHW_RS3_UV2_PQT_kernel<int=4, int=4, int=32, int=1, nvinfer1::rt::cuda::ITiledPooling::PoolingMode>(nvinfer1::rt::cuda::TiledPoolingParams, int)",10,"sm_efficiency","Multiprocessor Activity",99.746699%,99.747585%,99.746958%
"NVIDIA Tegra X1 (0)","void nvinfer1::rt::cuda::poolCHW_RS3_UV1_PQT_kernel<int=4, int=4, int=32, int=2, nvinfer1::rt::cuda::ITiledPooling::PoolingMode>(nvinfer1::rt::cuda::TiledPoolingParams, int)",40,"sm_efficiency","Multiprocessor Activity",99.037902%,99.049842%,99.046287%
"NVIDIA Tegra X1 (0)","void permuteData_kernel<__half, unsigned int=512>(int, int, int, int, bool, __half const *, __half*)",10,"sm_efficiency","Multiprocessor Activity",99.355831%,99.550512%,99.435833%
"NVIDIA Tegra X1 (0)","void cub::DeviceSegmentedRadixSortKernel<cub::DeviceRadixSortPolicy<__half, int, int>::Policy700, bool=0, bool=1, __half, int, int const *, int>(cub::DeviceRadixSortPolicy<__half, int, int>::Policy700 const *, cub::DeviceSegmentedRadixSortKernel<cub::DeviceRadixSortPolicy<__half, int, int>::Policy700, bool=0, bool=1, __half, int, int const *, int>*, bool=0 const *, cub::DeviceSegmentedRadixSortKernel<cub::DeviceRadixSortPolicy<__half, int, int>::Policy700, bool=0, bool=1, __half, int, int const *, int>**, bool=1, cub::DeviceSegmentedRadixSortKernel<cub::DeviceRadixSortPolicy<__half, int, int>::Policy700, bool=0, bool=1, __half, int, int const *, int>**, int, int, int)",20,"sm_efficiency","Multiprocessor Activity",95.770715%,99.763996%,98.011021%
"NVIDIA Tegra X1 (0)","void cuInt8::nchwTonchw<float, __half, int=8>(float const *, __half*, int, int, int, float const *, float const , cuInt8::ReducedDivisorParameters)",20,"sm_efficiency","Multiprocessor Activity",79.550710%,98.997629%,90.311215%
"NVIDIA Tegra X1 (0)","void nvinfer1::rt::cuda::poolCHW_RS3_UV1_PQT_kernel<int=4, int=8, int=16, int=2, nvinfer1::rt::cuda::ITiledPooling::PoolingMode>(nvinfer1::rt::cuda::TiledPoolingParams, int)",30,"sm_efficiency","Multiprocessor Activity",98.779959%,99.386400%,99.117924%
"NVIDIA Tegra X1 (0)","void prepareSortData<__half, unsigned int=512>(int, int, int, int, float, __half*, __half*, __half, int*, int*)",10,"sm_efficiency","Multiprocessor Activity",99.140094%,99.142657%,99.141134%
"NVIDIA Tegra X1 (0)","trt_maxwell_fp16x2_hcudnn_fp16x2_128x128_relu_interior_nn_v1",30,"sm_efficiency","Multiprocessor Activity",99.011978%,99.667944%,99.436617%
"NVIDIA Tegra X1 (0)","void gridAnchorKernel<unsigned int=32>(nvinfer1::plugin::GridAnchorParameters, int, nvinfer1::plugin::ReducedDivisor, float const *, float const *, float*)",60,"sm_efficiency","Multiprocessor Activity",51.829090%,89.557146%,64.372672%
"NVIDIA Tegra X1 (0)","void fused::fusedConvolutionReluKernel<fused::SrcChwcPtr_FltTex_Reader<__half, int=2, int=2, int=1, int=4>, fused::KpqkPtrWriter<__half, int=2, int=2, int=2>, __half2, __half, int=3, int=7, int=8, int=1, int=1, int=1, int=1>(fused::ConvolutionParams<__halfSrcType, int=1, int=2Type>)",10,"sm_efficiency","Multiprocessor Activity",93.122778%,94.594877%,94.037083%
"NVIDIA Tegra X1 (0)","void fused::fusedConvolutionReluKernel<fused::SrcChwcPtr_FltTex_Reader<__half, int=2, int=2, int=2, int=2>, fused::KpqkPtrWriter<__half, int=2, int=2, int=1>, __half2, __half, int=4, int=4, int=8, int=1, int=1, int=1, int=1>(fused::ConvolutionParams<__halfSrcType, int=2, int=2Type>)",10,"sm_efficiency","Multiprocessor Activity",83.747131%,85.349186%,84.641143%
"NVIDIA Tegra X1 (0)","trt_maxwell_fp16x2_hcudnn_fp16x2_128x128_relu_small_nn_v1",70,"sm_efficiency","Multiprocessor Activity",98.898683%,99.801140%,99.313186%
"NVIDIA Tegra X1 (0)","void gatherTopDetections_kernel<__half, __half, unsigned int=32>(bool, int, int, int, int, int, int const *, __half const *, __half const *, int*, __half*, __half)",10,"sm_efficiency","Multiprocessor Activity",12.743513%,16.529680%,13.599391%
"NVIDIA Tegra X1 (0)","void fused::fusedConvolutionReluKernel<fused::SrcChwcPtr_FltTex_Reader<__half, int=2, int=2, int=2, int=2>, fused::KpqkPtrWriter<__half, int=2, int=2, int=1>, __half2, __half, int=8, int=2, int=8, int=1, int=1, int=1, int=1>(fused::ConvolutionParams<__halfSrcType, int=2, int=2Type>)",10,"sm_efficiency","Multiprocessor Activity",80.999754%,82.588633%,81.934474%
"NVIDIA Tegra X1 (0)","trt_maxwell_fp16x2_hcudnn_winograd_fp16x2_128x128_ldg1_ldg4_relu_tile148m_nt_v1",80,"sm_efficiency","Multiprocessor Activity",59.214010%,99.935414%,98.890272%
"NVIDIA Tegra X1 (0)","trt_maxwell_fp16x2_hcudnn_fp16x2_128x64_relu_interior_nn_v1",120,"sm_efficiency","Multiprocessor Activity",98.333047%,99.677073%,99.197301%
"NVIDIA Tegra X1 (0)","void nvinfer1::rt::cuda::poolCHW_PQT<int=3, int=3, int=2, int=2, int=7, int=7, int=225, int=6, int=2, bool=1, nvinfer1::rt::cuda::ITiledPooling::PoolingMode, bool=0>(nvinfer1::rt::cuda::TiledPoolingParams, int)",10,"sm_efficiency","Multiprocessor Activity",98.237498%,98.263436%,98.246695%
"NVIDIA Tegra X1 (0)","trt_maxwell_fp16x2_hcudnn_fp16x2_128x64_relu_large_nn_v1",10,"sm_efficiency","Multiprocessor Activity",99.040457%,99.073925%,99.059280%
"NVIDIA Tegra X1 (0)","void gpuDetectionOverlayBox<uchar3>(uchar3*, uchar3*, int, int, int, int, int, int, float4)",35,"sm_efficiency","Multiprocessor Activity",84.833854%,99.923141%,98.735941%
"NVIDIA Tegra X1 (0)","void cuInt8::nchhw2ToNchw<float>(__half const *, float*, int, int, int, int, int, int, cuInt8::ReducedDivisorParameters)",80,"sm_efficiency","Multiprocessor Activity",38.873786%,97.660027%,67.532519%
"NVIDIA Tegra X1 (0)","void gpuOverlayText<uchar3>(unsigned char*, int, GlyphCommand*, uchar3*, uchar3*, int, int, float4)",35,"sm_efficiency","Multiprocessor Activity",92.877351%,96.686638%,95.572044%
"NVIDIA Tegra X1 (0)","void genericReformat::copyPackedKernel<float, float, bool=0, bool=1, genericReformat::IdentityCoordMapper<int=4>, int=4>(unsigned int, unsigned int, void const *, genericReformat::ArrayN<genericReformat::IdentityCoordMapper<int=4>>, genericReformat::ArrayNWithReducedDivisors<genericReformat::IdentityCoordMapper<int=4>>, genericReformat::ArrayN, int, int, int, float const *, void*, genericReformat::ArrayN, genericReformat::ArrayNWithReducedDivisors, genericReformat::ArrayNWithReducedDivisors, genericReformat::ArrayN, int, int, int, float const , int=4)",50,"sm_efficiency","Multiprocessor Activity",73.918807%,98.768737%,89.032439%
"NVIDIA Tegra X1 (0)","void copy_kernel<float>(cublasCopyParams<float>)",120,"sm_efficiency","Multiprocessor Activity",28.261872%,96.273992%,54.964292%
"NVIDIA Tegra X1 (0)","void genericReformat::copyPackedKernel<float, __half, bool=1, bool=1, genericReformat::IdentityCoordMapper<int=4>, int=4>(unsigned int, unsigned int, void const *, genericReformat::ArrayN<genericReformat::IdentityCoordMapper<int=4>>, genericReformat::ArrayNWithReducedDivisors<genericReformat::IdentityCoordMapper<int=4>>, genericReformat::ArrayN, int, int, int, float const *, void*, genericReformat::ArrayN, genericReformat::ArrayNWithReducedDivisors, genericReformat::ArrayNWithReducedDivisors, genericReformat::ArrayN, int, int, int, float const , int=4)",50,"sm_efficiency","Multiprocessor Activity",45.712310%,82.387256%,56.594551%
"NVIDIA Tegra X1 (0)","void genericReformat::copyPackedKernel<float, float, bool=1, bool=1, genericReformat::IdentityCoordMapper<int=4>, int=4>(unsigned int, unsigned int, void const *, genericReformat::ArrayN<genericReformat::IdentityCoordMapper<int=4>>, genericReformat::ArrayNWithReducedDivisors<genericReformat::IdentityCoordMapper<int=4>>, genericReformat::ArrayN, int, int, int, float const *, void*, genericReformat::ArrayN, genericReformat::ArrayNWithReducedDivisors, genericReformat::ArrayNWithReducedDivisors, genericReformat::ArrayN, int, int, int, float const , int=4)",60,"sm_efficiency","Multiprocessor Activity",51.120797%,82.547954%,66.771494%
"NVIDIA Tegra X1 (0)","void cub::DeviceSegmentedRadixSortKernel<cub::DeviceRadixSortPolicy<__half, int, int>::Policy700, bool=1, bool=1, __half, int, int const *, int>(cub::DeviceRadixSortPolicy<__half, int, int>::Policy700 const *, cub::DeviceSegmentedRadixSortKernel<cub::DeviceRadixSortPolicy<__half, int, int>::Policy700, bool=1, bool=1, __half, int, int const *, int>*, bool=1 const *, cub::DeviceSegmentedRadixSortKernel<cub::DeviceRadixSortPolicy<__half, int, int>::Policy700, bool=1, bool=1, __half, int, int const *, int>**, bool=1, cub::DeviceSegmentedRadixSortKernel<cub::DeviceRadixSortPolicy<__half, int, int>::Policy700, bool=1, bool=1, __half, int, int const *, int>**, int, int, int)",40,"sm_efficiency","Multiprocessor Activity",96.254980%,99.699959%,98.039949%
"NVIDIA Tegra X1 (0)","void cuInt8::nchwTonchw<__half, float, int=4>(__half const *, float*, int, int, int, float const *, float const , cuInt8::ReducedDivisorParameters)",10,"sm_efficiency","Multiprocessor Activity",57.181645%,62.853107%,60.535619%
"NVIDIA Tegra X1 (0)","trt_maxwell_scudnn_128x32_relu_medium_nn_v0",30,"sm_efficiency","Multiprocessor Activity",36.259939%,99.774303%,96.315828%
"NVIDIA Tegra X1 (0)","trt_maxwell_fp16x2_hcudnn_fp16x2_128x32_relu_small_nn_v1",20,"sm_efficiency","Multiprocessor Activity",99.221767%,99.629249%,99.431815%
"NVIDIA Tegra X1 (0)","trt_maxwell_fp16x2_hcudnn_fp16x2_128x64_relu_small_nn_v1",150,"sm_efficiency","Multiprocessor Activity",99.254917%,99.951842%,99.590860%
