==7834== NVPROF is profiling process 7834, command: ./detectnet --network=ssd-mobilenet-v2 images/humans_*.jpg images/test/humans_output_mobilenet_%i.jpg
==7834== Profiling application: ./detectnet --network=ssd-mobilenet-v2 images/humans_*.jpg images/test/humans_output_mobilenet_%i.jpg
==7834== Profiling result:
==7834== Metric result:
"Device","Kernel","Invocations","Metric Name","Metric Description","Min","Max","Avg"
"NVIDIA Tegra X1 (0)","void allClassNMS_kernel<__half, __half, int=1>(int, int, int, int, float, bool, bool, __half*, __half*, int*, __half*, int*, bool, float)",10,"sm_efficiency","Multiprocessor Activity",96.245750%,99.963561%,99.590539%
"NVIDIA Tegra X1 (0)","void fused::fusedConvolutionReluKernel<fused::SrcChwcPtr_FltTex_Reader<__half, int=2, int=2, int=1, int=2>, fused::KpqkPtrWriter<__half, int=2, int=2, int=1>, __half2, __half, int=5, int=5, int=1, int=3, int=3, int=1, int=1>(fused::ConvolutionParams<__halfSrcType, int=1, int=2Type>)",10,"sm_efficiency","Multiprocessor Activity",99.648104%,99.663616%,99.656061%
"NVIDIA Tegra X1 (0)","void cuInt8::nchwToNchhw2<float>(float const *, __half*, int, int, int, int, int, int, cuInt8::ReducedDivisorParameters)",30,"sm_efficiency","Multiprocessor Activity",43.849136%,98.502863%,74.044803%
"NVIDIA Tegra X1 (0)","void fused::fusedConvolutionReluKernel<fused::SrcChwcPtr_FltTex_Reader<__half, int=2, int=2, int=1, int=2>, fused::KpqkPtrWriter<__half, int=2, int=2, int=1>, __half2, __half, int=4, int=7, int=4, int=3, int=3, int=1, int=1>(fused::ConvolutionParams<__halfSrcType, int=1, int=2Type>)",30,"sm_efficiency","Multiprocessor Activity",98.580458%,99.266823%,99.035752%
"NVIDIA Tegra X1 (0)","void cudnn::cnn::conv2d_grouped_direct_kernel<bool=0, bool=1, bool=0, bool=0, int=1, int=3, int, float, float, float, float, float, float>(cudnn::cnn::GroupedDirectFpropParams, float const *, float const *, float*, float, float*, float const * const *, float const *, cudnnActivationStruct)",10,"sm_efficiency","Multiprocessor Activity",70.380330%,73.958333%,71.355705%
"NVIDIA Tegra X1 (0)","void CUTENSOR_NAMESPACE::permutationKernelPLC3<CUTENSOR_NAMESPACE::VectorWrite2DTensorView<unsigned char=0, unsigned char=1, bool=1, unsigned int=4, float, __half, CUTENSOR_NAMESPACE::GeneralUnarySmall<float>>, CUTENSOR_NAMESPACE::VectorRead2DTensorView<unsigned char=0, unsigned char=1, bool=1, unsigned int=4, float, float, CUTENSOR_NAMESPACE::GeneralUnarySmall<float>>, CUTENSOR_NAMESPACE::ThreadLevelElementwise<CUTENSOR_NAMESPACE::ElementwiseConfig1DCommonCase<CUTENSOR_NAMESPACE::GeneralUnarySmall<float>, CUTENSOR_NAMESPACE::GeneralBinary<float>, int=1, int=512, int=1, int=128, char=4, bool=1, bool=0, bool=1, bool=0, bool=0>, float>, CUTENSOR_NAMESPACE::ElementwiseRuntimePLC3<float, float, __half, float>::Params>(unsigned int=4)",10,"sm_efficiency","Multiprocessor Activity",85.551298%,87.042517%,86.073087%
"NVIDIA Tegra X1 (0)","void setUniformOffsets_kernel<unsigned int=32>(int, int, int*)",10,"sm_efficiency","Multiprocessor Activity",32.346723%,39.145234%,33.282449%
"NVIDIA Tegra X1 (0)","void conv2d_c1_k1_nchw_shmem_tiling_kernel<__half, float, int=3, int=3, int=1, int=1, int=7, int=2, int=20, int=20, int=8, bool=1, bool=1>(cudnnTensorStruct, __half const *, cudnnFilterStruct, __half const *, cudnnConvolutionStruct, cudnnTensorStruct, __half*, float, float, cudnn::reduced_divisor)",20,"sm_efficiency","Multiprocessor Activity",98.213484%,98.303449%,98.247074%
"NVIDIA Tegra X1 (0)","void cudnn::cnn::conv2d_grouped_direct_kernel<bool=0, bool=1, bool=0, bool=0, int=1, int=3, int, float, __half, __half, __half, float, __half>(cudnn::cnn::GroupedDirectFpropParams, __half const *, __half const *, __half*, float, __half*, __half const * const *, __half const *, cudnnActivationStruct)",20,"sm_efficiency","Multiprocessor Activity",67.301184%,75.322401%,70.634490%
"NVIDIA Tegra X1 (0)","void gpuTensorNorm<uchar3, bool=1>(float2, uchar3*, int, float*, int, int, float, float)",10,"sm_efficiency","Multiprocessor Activity",99.472263%,99.590667%,99.510774%
"NVIDIA Tegra X1 (0)","void cuInt8::nchhw2ToNchw<__half>(__half const *, __half*, int, int, int, int, int, int, cuInt8::ReducedDivisorParameters)",80,"sm_efficiency","Multiprocessor Activity",42.867487%,98.800385%,87.266906%
"NVIDIA Tegra X1 (0)","void op_generic_tensor_kernel<int=1, __half, float, __half, int=256, cudnnGenericOp_t=9, cudnnNanPropagation_t=1, int=1>(cudnnTensorStruct, __half*, cudnnTensorStruct, __half const *, cudnnTensorStruct, __half const *, float, float, float, cudnnActivationStruct, reducedDivisorArray, int)",80,"sm_efficiency","Multiprocessor Activity",86.873368%,98.012866%,94.333668%
"NVIDIA Tegra X1 (0)","trt_maxwell_scudnn_128x64_relu_medium_nn_v1",30,"sm_efficiency","Multiprocessor Activity",99.143322%,99.165139%,99.153107%
"NVIDIA Tegra X1 (0)","void cub::DeviceSegmentedRadixSortKernel<cub::DeviceRadixSortPolicy<__half, int, int>::Policy700, bool=0, bool=1, __half, int, int const *, int>(cub::DeviceRadixSortPolicy<__half, int, int>::Policy700 const *, cub::DeviceSegmentedRadixSortKernel<cub::DeviceRadixSortPolicy<__half, int, int>::Policy700, bool=0, bool=1, __half, int, int const *, int>*, bool=0 const *, cub::DeviceSegmentedRadixSortKernel<cub::DeviceRadixSortPolicy<__half, int, int>::Policy700, bool=0, bool=1, __half, int, int const *, int>**, bool=1, cub::DeviceSegmentedRadixSortKernel<cub::DeviceRadixSortPolicy<__half, int, int>::Policy700, bool=0, bool=1, __half, int, int const *, int>**, int, int, int)",20,"sm_efficiency","Multiprocessor Activity",96.256103%,99.764707%,98.137154%
"NVIDIA Tegra X1 (0)","void cuInt8::nchwToNchhw2<__half>(__half const *, __half*, int, int, int, int, int, int, cuInt8::ReducedDivisorParameters)",70,"sm_efficiency","Multiprocessor Activity",49.728521%,98.981645%,91.297724%
"NVIDIA Tegra X1 (0)","void fused::fusedConvolutionReluKernel<fused::SrcChwcPtr_FltTex_Reader<__half, int=2, int=2, int=4, int=1>, fused::KpqkPtrWriter<__half, int=2, int=1, int=1>, __half2, __half, int=5, int=5, int=2, int=1, int=1, int=1, int=1>(fused::ConvolutionParams<__halfSrcType, int=4, int=2Type>)",10,"sm_efficiency","Multiprocessor Activity",97.200180%,97.301656%,97.231964%
"NVIDIA Tegra X1 (0)","void gridAnchorKernel<unsigned int=32>(nvinfer1::plugin::GridAnchorParameters, int, nvinfer1::plugin::ReducedDivisor, float const *, float const *, float*)",60,"sm_efficiency","Multiprocessor Activity",52.343750%,89.734740%,65.834223%
"NVIDIA Tegra X1 (0)","void fused::fusedConvolutionReluKernel<fused::SrcChwcPtr_FltTex_Reader<__half, int=2, int=2, int=4, int=1>, fused::KpqkPtrWriter<__half, int=2, int=1, int=1>, __half2, __half, int=5, int=5, int=4, int=1, int=1, int=1, int=1>(fused::ConvolutionParams<__halfSrcType, int=4, int=2Type>)",10,"sm_efficiency","Multiprocessor Activity",93.873094%,94.373569%,94.141304%
"NVIDIA Tegra X1 (0)","void fused::fusedConvolutionReluKernel<fused::SrcChwcPtr_FltTex_Reader<__half, int=2, int=2, int=1, int=4>, fused::KpqkPtrWriter<__half, int=2, int=2, int=2>, __half2, __half, int=4, int=5, int=8, int=1, int=1, int=1, int=1>(fused::ConvolutionParams<__halfSrcType, int=1, int=2Type>)",10,"sm_efficiency","Multiprocessor Activity",88.826372%,90.233264%,89.479101%
"NVIDIA Tegra X1 (0)","void fused::fusedConvolutionReluKernel<fused::SrcChwcPtr_FltTex_Reader<__half, int=2, int=2, int=2, int=2>, fused::KpqkPtrWriter<__half, int=2, int=2, int=1>, __half2, __half, int=4, int=4, int=8, int=1, int=1, int=1, int=1>(fused::ConvolutionParams<__halfSrcType, int=2, int=2Type>)",10,"sm_efficiency","Multiprocessor Activity",84.125934%,85.912933%,85.150622%
"NVIDIA Tegra X1 (0)","void cudnn::ops::add_tensor_kernel_v3<int=2, __half, float, int=16, int=16, int=1, int=16, int=4>(cudnnTensorStruct, __half*, cudnn::ops::add_tensor_kernel_v3<int=2, __half, float, int=16, int=16, int=1, int=16, int=4>, cudnnTensorStruct const *, float, cudnnTensorStruct const *, int, int, int)",10,"sm_efficiency","Multiprocessor Activity",69.907049%,74.049477%,70.828809%
"NVIDIA Tegra X1 (0)","void gatherTopDetections_kernel<__half, __half, unsigned int=32>(bool, int, int, int, int, int, int const *, __half const *, __half const *, int*, __half*, __half)",10,"sm_efficiency","Multiprocessor Activity",12.634043%,13.467866%,13.001712%
"NVIDIA Tegra X1 (0)","void fused::fusedConvolutionReluKernel<fused::SrcChwcPtr_FltTex_Reader<__half, int=2, int=2, int=2, int=2>, fused::KpqkPtrWriter<__half, int=2, int=2, int=1>, __half2, __half, int=2, int=8, int=8, int=1, int=1, int=1, int=1>(fused::ConvolutionParams<__halfSrcType, int=2, int=2Type>)",10,"sm_efficiency","Multiprocessor Activity",83.452776%,84.858812%,83.762758%
"NVIDIA Tegra X1 (0)","void fused::fusedConvolutionReluKernel<fused::SrcChwcPtr_FltTex_Reader<__half, int=2, int=2, int=2, int=2>, fused::KpqkPtrWriter<__half, int=2, int=2, int=1>, __half2, __half, int=8, int=2, int=8, int=1, int=1, int=1, int=1>(fused::ConvolutionParams<__halfSrcType, int=2, int=2Type>)",10,"sm_efficiency","Multiprocessor Activity",76.525038%,79.003511%,77.240764%
"NVIDIA Tegra X1 (0)","trt_maxwell_fp16x2_hcudnn_fp16x2_128x64_relu_interior_nn_v1",90,"sm_efficiency","Multiprocessor Activity",97.964083%,99.229566%,98.821267%
"NVIDIA Tegra X1 (0)","void conv2d_c1_k1_nchw_shmem_tiling_kernel<__half, float, int=3, int=3, int=1, int=1, int=2, int=2, int=10, int=10, int=8, bool=1, bool=1>(cudnnTensorStruct, __half const *, cudnnFilterStruct, __half const *, cudnnConvolutionStruct, cudnnTensorStruct, __half*, float, float, cudnn::reduced_divisor)",30,"sm_efficiency","Multiprocessor Activity",97.697228%,97.731519%,97.715165%
"NVIDIA Tegra X1 (0)","void conv2d_c1_k1_nchw_shmem_tiling_kernel<__half, float, int=3, int=3, int=2, int=2, int=2, int=2, int=10, int=10, int=8, bool=1, bool=1>(cudnnTensorStruct, __half const *, cudnnFilterStruct, __half const *, cudnnConvolutionStruct, cudnnTensorStruct, __half*, float, float, cudnn::reduced_divisor)",10,"sm_efficiency","Multiprocessor Activity",97.331870%,97.418614%,97.370832%
"NVIDIA Tegra X1 (0)","void cuInt8::nchhw2ToNchw<float>(__half const *, float*, int, int, int, int, int, int, cuInt8::ReducedDivisorParameters)",80,"sm_efficiency","Multiprocessor Activity",42.973740%,97.665873%,74.523801%
"NVIDIA Tegra X1 (0)","void gpuOverlayText<uchar3>(unsigned char*, int, GlyphCommand*, uchar3*, uchar3*, int, int, float4)",38,"sm_efficiency","Multiprocessor Activity",94.686569%,97.834051%,96.168760%
"NVIDIA Tegra X1 (0)","void genericReformat::copyPackedKernel<float, float, bool=0, bool=1, genericReformat::IdentityCoordMapper<int=4>, int=4>(unsigned int, unsigned int, void const *, genericReformat::ArrayN<genericReformat::IdentityCoordMapper<int=4>>, genericReformat::ArrayNWithReducedDivisors<genericReformat::IdentityCoordMapper<int=4>>, genericReformat::ArrayN, int, int, int, float const *, void*, genericReformat::ArrayN, genericReformat::ArrayNWithReducedDivisors, genericReformat::ArrayNWithReducedDivisors, genericReformat::ArrayN, int, int, int, float const , int=4)",60,"sm_efficiency","Multiprocessor Activity",51.717791%,98.784211%,82.943529%
"NVIDIA Tegra X1 (0)","void copy_kernel<float>(cublasCopyParams<float>)",120,"sm_efficiency","Multiprocessor Activity",28.294931%,96.310463%,55.618713%
"NVIDIA Tegra X1 (0)","void genericReformat::copyPackedKernel<float, float, bool=1, bool=1, genericReformat::IdentityCoordMapper<int=4>, int=4>(unsigned int, unsigned int, void const *, genericReformat::ArrayN<genericReformat::IdentityCoordMapper<int=4>>, genericReformat::ArrayNWithReducedDivisors<genericReformat::IdentityCoordMapper<int=4>>, genericReformat::ArrayN, int, int, int, float const *, void*, genericReformat::ArrayN, genericReformat::ArrayNWithReducedDivisors, genericReformat::ArrayNWithReducedDivisors, genericReformat::ArrayN, int, int, int, float const , int=4)",60,"sm_efficiency","Multiprocessor Activity",47.715905%,84.692390%,64.776224%
"NVIDIA Tegra X1 (0)","void decodeBBoxes_kernel<__half, unsigned int=512>(int, nvinfer1::plugin::CodeTypeSSD, bool, int, bool, int, int, bool, __half const *, __half const *, __half*, bool)",10,"sm_efficiency","Multiprocessor Activity",93.629971%,93.775350%,93.673560%
"NVIDIA Tegra X1 (0)","trt_maxwell_scudnn_128x64_relu_interior_nn_v1",70,"sm_efficiency","Multiprocessor Activity",98.428800%,98.857817%,98.687532%
"NVIDIA Tegra X1 (0)","void op_generic_tensor_kernel<int=1, float, float, float, int=256, cudnnGenericOp_t=9, cudnnNanPropagation_t=1, int=1>(cudnnTensorStruct, float*, cudnnTensorStruct, float const *, cudnnTensorStruct, float const *, float, float, float, cudnnActivationStruct, reducedDivisorArray, int)",10,"sm_efficiency","Multiprocessor Activity",87.211963%,87.606058%,87.347793%
"NVIDIA Tegra X1 (0)","void permuteData_kernel<__half, unsigned int=512>(int, int, int, int, bool, __half const *, __half*)",10,"sm_efficiency","Multiprocessor Activity",99.360054%,99.562912%,99.450359%
"NVIDIA Tegra X1 (0)","void cuInt8::nchwTonchw<float, __half, int=8>(float const *, __half*, int, int, int, float const *, float const , cuInt8::ReducedDivisorParameters)",20,"sm_efficiency","Multiprocessor Activity",81.001765%,99.003942%,90.918841%
"NVIDIA Tegra X1 (0)","void prepareSortData<__half, unsigned int=512>(int, int, int, int, float, __half*, __half*, __half, int*, int*)",10,"sm_efficiency","Multiprocessor Activity",99.139530%,99.143347%,99.141588%
"NVIDIA Tegra X1 (0)","trt_maxwell_fp16x2_hcudnn_fp16x2_128x128_relu_interior_nn_v1",60,"sm_efficiency","Multiprocessor Activity",98.426925%,99.425706%,98.890573%
"NVIDIA Tegra X1 (0)","void fused::fusedConvolutionReluKernel<fused::SrcChwcPtr_FltTex_Reader<__half, int=2, int=2, int=2, int=2>, fused::KpqkPtrWriter<__half, int=2, int=2, int=1>, __half2, __half, int=7, int=2, int=4, int=1, int=1, int=1, int=1>(fused::ConvolutionParams<__halfSrcType, int=2, int=2Type>)",10,"sm_efficiency","Multiprocessor Activity",84.721949%,85.750752%,85.118039%
"NVIDIA Tegra X1 (0)","void cuDepthwise::depthwiseConvFP32Kernel<int=3, int=3>(bool, int, int, int, int, float const *, int, int, float const , int, int, int, int, int, int, int, int, float*, nvinfer1::rt::ReducedDivisor, nvinfer1::rt, int, float, float, float const )",120,"sm_efficiency","Multiprocessor Activity",97.964227%,99.857364%,99.354223%
"NVIDIA Tegra X1 (0)","trt_maxwell_scudnn_128x32_relu_small_nn_v1",10,"sm_efficiency","Multiprocessor Activity",99.695131%,99.713637%,99.702700%
"NVIDIA Tegra X1 (0)","void gpuDetectionOverlayBox<uchar3>(uchar3*, uchar3*, int, int, int, int, int, int, float4)",38,"sm_efficiency","Multiprocessor Activity",77.954611%,99.918298%,97.559555%
"NVIDIA Tegra X1 (0)","trt_maxwell_scudnn_128x64_relu_small_nn_v1",30,"sm_efficiency","Multiprocessor Activity",97.400853%,99.722219%,99.002592%
"NVIDIA Tegra X1 (0)","void cudnn::ops::add_tensor_kernel_v3<int=2, float, float, int=128, int=1, int=1, int=4, int=2>(cudnnTensorStruct, float*, cudnn::ops::add_tensor_kernel_v3<int=2, float, float, int=128, int=1, int=1, int=4, int=2>, cudnnTensorStruct const *, float, cudnnTensorStruct const *, int, int, int)",10,"sm_efficiency","Multiprocessor Activity",92.622106%,92.825235%,92.684297%
"NVIDIA Tegra X1 (0)","trt_maxwell_scudnn_128x32_relu_interior_nn_v0",40,"sm_efficiency","Multiprocessor Activity",99.332610%,99.849316%,99.595622%
"NVIDIA Tegra X1 (0)","trt_maxwell_scudnn_128x32_relu_interior_nn_v1",30,"sm_efficiency","Multiprocessor Activity",98.442860%,98.883323%,98.687466%
"NVIDIA Tegra X1 (0)","void cudnn::ops::add_tensor_kernel_v3<int=2, __half, float, int=128, int=1, int=1, int=4, int=2>(cudnnTensorStruct, __half*, cudnn::ops::add_tensor_kernel_v3<int=2, __half, float, int=128, int=1, int=1, int=4, int=2>, cudnnTensorStruct const *, float, cudnnTensorStruct const *, int, int, int)",70,"sm_efficiency","Multiprocessor Activity",92.914203%,99.090060%,98.004956%
"NVIDIA Tegra X1 (0)","void genericReformat::copyPackedKernel<float, __half, bool=1, bool=1, genericReformat::IdentityCoordMapper<int=4>, int=4>(unsigned int, unsigned int, void const *, genericReformat::ArrayN<genericReformat::IdentityCoordMapper<int=4>>, genericReformat::ArrayNWithReducedDivisors<genericReformat::IdentityCoordMapper<int=4>>, genericReformat::ArrayN, int, int, int, float const *, void*, genericReformat::ArrayN, genericReformat::ArrayNWithReducedDivisors, genericReformat::ArrayNWithReducedDivisors, genericReformat::ArrayN, int, int, int, float const , int=4)",50,"sm_efficiency","Multiprocessor Activity",45.731075%,89.019115%,59.511708%
"NVIDIA Tegra X1 (0)","void cub::DeviceSegmentedRadixSortKernel<cub::DeviceRadixSortPolicy<__half, int, int>::Policy700, bool=1, bool=1, __half, int, int const *, int>(cub::DeviceRadixSortPolicy<__half, int, int>::Policy700 const *, cub::DeviceSegmentedRadixSortKernel<cub::DeviceRadixSortPolicy<__half, int, int>::Policy700, bool=1, bool=1, __half, int, int const *, int>*, bool=1 const *, cub::DeviceSegmentedRadixSortKernel<cub::DeviceRadixSortPolicy<__half, int, int>::Policy700, bool=1, bool=1, __half, int, int const *, int>**, bool=1, cub::DeviceSegmentedRadixSortKernel<cub::DeviceRadixSortPolicy<__half, int, int>::Policy700, bool=1, bool=1, __half, int, int const *, int>**, int, int, int)",40,"sm_efficiency","Multiprocessor Activity",96.267612%,99.703161%,98.075563%
"NVIDIA Tegra X1 (0)","void cuInt8::nchwTonchw<__half, float, int=4>(__half const *, float*, int, int, int, float const *, float const , cuInt8::ReducedDivisorParameters)",10,"sm_efficiency","Multiprocessor Activity",61.640531%,68.322362%,63.155701%
"NVIDIA Tegra X1 (0)","void cuPad::pad<__half, __half, int=128, bool=1>(__half*, nvinfer1::Dims4, cuPad::pad<__half, __half, int=128, bool=1> const *, nvinfer1, int, int, int, int, int, int, int, int, __half*rt::ReducedDivisor, __half*rt, __half*rt, float const *, float const , bool)",10,"sm_efficiency","Multiprocessor Activity",50.245248%,53.970965%,51.180846%
"NVIDIA Tegra X1 (0)","trt_maxwell_fp16x2_hcudnn_fp16x2_128x64_relu_small_nn_v1",20,"sm_efficiency","Multiprocessor Activity",97.604455%,99.961378%,99.679115%
